{
  "dataset_name": "scene_scene-0225",
  "n_frames": 40,
  "n_objects": 890,
  "class_distribution": {
    "pedestrian": {
      "total_objects": 160,
      "avg_velocity": 1.242,
      "avg_area": 0.5623,
      "ratio": 0.1798
    },
    "vehicle": {
      "total_objects": 730,
      "avg_velocity": 0.6227,
      "avg_area": 15.1243,
      "ratio": 0.8202
    }
  },
  "attribute_histograms": {
    "velocity_mag": {
      "bins": [
        0.0,
        0.00844,
        0.01414,
        0.01844,
        0.03031,
        0.0405,
        0.06457,
        0.08798,
        0.10186,
        0.14254,
        0.20119,
        0.39155,
        0.95995,
        1.18705,
        1.72284,
        2.49932,
        3.94161,
        10.08608
      ],
      "counts": [
        178,
        45,
        44,
        45,
        43,
        46,
        44,
        44,
        45,
        44,
        45,
        44,
        45,
        44,
        45,
        44,
        45
      ]
    },
    "bbox_area": {
      "bins": [
        0.26981,
        0.48127,
        0.62724,
        0.74686,
        8.11769,
        8.1805,
        8.58287,
        8.90577,
        9.08578,
        9.25346,
        9.32935,
        9.3765,
        10.55948,
        12.35539,
        16.34637,
        16.48601,
        20.30219,
        20.32633,
        25.29113,
        32.0664,
        39.4593
      ],
      "counts": [
        39,
        41,
        49,
        43,
        26,
        61,
        34,
        60,
        44,
        48,
        44,
        37,
        45,
        40,
        40,
        40,
        45,
        46,
        49,
        59
      ]
    },
    "yaw": {
      "bins": [
        -2.72127,
        -2.535,
        -2.47086,
        -2.40473,
        -2.3783,
        -2.25678,
        -2.22142,
        -0.75435,
        -0.7369,
        -0.73058,
        -0.71583,
        -0.69209,
        -0.65844,
        0.2531,
        1.05519,
        1.37277,
        1.68674,
        2.40395,
        2.45022,
        2.63297
      ],
      "counts": [
        40,
        29,
        42,
        67,
        17,
        71,
        40,
        43,
        50,
        40,
        93,
        46,
        45,
        42,
        46,
        37,
        49,
        47,
        46
      ]
    },
    "x1": {
      "bins": [
        1493.5765,
        1527.81745,
        1529.8155,
        1532.5735,
        1534.9016,
        1536.08375,
        1537.918,
        1541.06265,
        1547.6783,
        1550.0321,
        1551.01925,
        1556.24912,
        1561.7468,
        1566.54565,
        1571.4307,
        1576.03788,
        1577.4963,
        1582.76715,
        1589.4495,
        1594.666,
        1604.5135
      ],
      "counts": [
        45,
        44,
        37,
        52,
        45,
        36,
        53,
        44,
        45,
        44,
        44,
        45,
        44,
        45,
        44,
        45,
        44,
        42,
        37,
        55
      ]
    },
    "y1": {
      "bins": [
        780.4065,
        793.5769,
        796.3296,
        799.0973,
        802.0567,
        821.6,
        822.95225,
        827.60075,
        828.798,
        831.85135,
        833.5675,
        838.811,
        841.4665,
        843.23875,
        844.9566,
        848.75275,
        850.163,
        854.81945,
        858.2713,
        863.029,
        867.131
      ],
      "counts": [
        45,
        44,
        45,
        44,
        45,
        44,
        45,
        44,
        45,
        44,
        41,
        48,
        44,
        45,
        44,
        45,
        44,
        45,
        39,
        50
      ]
    }
  },
  "frame_density": {
    "count": 40.0,
    "mean": 22.25,
    "std": 3.224505527586501,
    "min": 18.0,
    "25%": 19.0,
    "50%": 22.0,
    "75%": 25.0,
    "max": 29.0
  },
  "ego": {
    "histograms": {
      "ego_x": {
        "bins": [
          1556.32095,
          1561.81737,
          1567.46444,
          1568.96524,
          1568.96524,
          1568.96524,
          1568.96524,
          1568.96525,
          1568.96525
        ],
        "counts": [
          5,
          5,
          5,
          5,
          5,
          5,
          5,
          5
        ]
      },
      "ego_y": {
        "bins": [
          838.39741,
          840.15119,
          844.38097,
          845.75425,
          845.75426,
          845.75426,
          845.75426,
          845.75426,
          845.75427
        ],
        "counts": [
          5,
          5,
          5,
          5,
          5,
          5,
          5,
          5
        ]
      },
      "ego_yaw": {
        "bins": [
          -3.00934,
          -2.62855,
          -2.41047,
          -2.38931,
          -2.38925,
          -2.38922,
          -2.3892,
          -2.38917,
          -2.38912
        ],
        "counts": [
          5,
          5,
          5,
          5,
          5,
          5,
          5,
          5
        ]
      }
    },
    "summary": {
      "n_frames": 40,
      "means": {
        "ego_x": 1567.0439859176333,
        "ego_y": 844.3732100433457,
        "ego_yaw": -2.4637976812057523
      },
      "mins": {
        "ego_x": 1556.3209454076325,
        "ego_y": 838.397414506924,
        "ego_yaw": -3.0093384743242506
      },
      "maxs": {
        "ego_x": 1568.9652505176564,
        "ego_y": 845.7542675816538,
        "ego_yaw": -2.389119219664873
      }
    }
  },
  "last_updated": "2025-10-16T20:00:43.517059"
}