{
  "dataset_name": "scene-0357_899_ego.jsonl",
  "n_frames": 202,
  "n_objects": 4705,
  "class_distribution": {
    "car": {
      "total_objects": 1384,
      "avg_velocity": 0.7448,
      "avg_area": 0.0,
      "ratio": 0.2942
    },
    "pedestrian": {
      "total_objects": 3321,
      "avg_velocity": 0.4614,
      "avg_area": 0.0,
      "ratio": 0.7058
    }
  },
  "attribute_histograms": {
    "velocity_mag": {
      "bins": [
        0.0,
        0.0,
        0.0,
        0.0,
        0.0,
        0.0,
        0.0,
        0.0,
        2e-05,
        0.00632,
        0.01166,
        0.0228,
        0.07155,
        0.43173,
        0.77225,
        0.96588,
        1.03123,
        1.16628,
        1.43263,
        2.19597,
        7.83992
      ],
      "counts": [
        1,
        1,
        1,
        1,
        1,
        1,
        1,
        1882,
        230,
        202,
        271,
        238,
        235,
        235,
        235,
        236,
        235,
        232,
        238,
        236
      ]
    },
    "bbox_area": {
      "bins": [
        0.0,
        0.0,
        0.0,
        0.0,
        0.0,
        0.0,
        0.0,
        0.0,
        0.0,
        0.0,
        0.0,
        0.0,
        0.0,
        0.0,
        0.0,
        0.0,
        0.0,
        0.0,
        0.0,
        0.0,
        0.0
      ],
      "counts": [
        1,
        1,
        1,
        1,
        1,
        1,
        1,
        1,
        1,
        1,
        1,
        1,
        1,
        1,
        1,
        1,
        1,
        1,
        1,
        4705
      ]
    },
    "heading_angle": {
      "bins": [
        -3.13782,
        -2.95595,
        -2.14146,
        -2.047,
        -1.95104,
        -1.7866,
        -1.64766,
        -1.54278,
        -1.21117,
        -0.73302,
        -0.0951,
        -0.02812,
        -0.00361,
        0.03616,
        0.05341,
        0.10697,
        0.19673,
        0.98387,
        1.82538,
        2.283,
        3.13604
      ],
      "counts": [
        236,
        235,
        69,
        401,
        235,
        236,
        112,
        280,
        313,
        95,
        194,
        218,
        434,
        15,
        382,
        309,
        235,
        235,
        195,
        276
      ]
    },
    "x1": {
      "bins": [
        -24.60886,
        -17.69578,
        -10.57712,
        -6.7328,
        0.0,
        2.24925,
        4.17536,
        5.27874,
        5.91994,
        7.28183,
        9.21949,
        10.10941,
        10.60113,
        10.82035,
        11.01875,
        11.28691,
        11.90184,
        12.3661,
        12.70941,
        13.26501,
        14.65746
      ],
      "counts": [
        194,
        276,
        180,
        291,
        235,
        236,
        235,
        235,
        234,
        236,
        210,
        261,
        47,
        422,
        236,
        236,
        235,
        231,
        239,
        236
      ]
    },
    "y1": {
      "bins": [
        -48.32695,
        -21.07547,
        -16.69366,
        -11.80084,
        -11.12012,
        -10.57601,
        -9.70459,
        -9.08499,
        -2.50916,
        -0.29756,
        -0.20018,
        0.00057,
        1.75772,
        2.14777,
        2.69517,
        3.94466,
        4.30113,
        8.84039,
        11.61576,
        13.42906,
        30.09823
      ],
      "counts": [
        236,
        235,
        215,
        234,
        256,
        236,
        36,
        434,
        111,
        359,
        236,
        235,
        68,
        402,
        235,
        104,
        367,
        235,
        235,
        236
      ]
    }
  },
  "frame_density": {
    "count": 202.0,
    "mean": 23.292079207920793,
    "std": 1.1280400091980813,
    "min": 22.0,
    "25%": 22.0,
    "50%": 23.0,
    "75%": 24.0,
    "max": 25.0
  },
  "last_updated": "2025-10-09T08:14:47.992998"
}